{"type": "block", "layer": 0, "block": 36, "features": [{"geom": {"triangles": {"v": [1514.96833794564, 931.7419321881607, 34.80699920654297, 1510.96833794564, 926.2419321881607, 34.80699920654297, 1519.96833794564, 928.2419321881607, 34.80699920654297, 1516.96833794564, 922.7419321881607, 34.80699920654297, 1519.96833794564, 928.2419321881607, 43.072998046875, 1514.96833794564, 931.7419321881607, 43.072998046875, 1510.96833794564, 926.2419321881607, 43.072998046875, 1516.96833794564, 922.7419321881607, 43.072998046875, 1514.96833794564, 931.7419321881607, 43.073001861572266, 1510.96833794564, 926.2419321881607, 43.073001861572266, 1519.96833794564, 928.2419321881607, 43.073001861572266, 1516.96833794564, 922.7419321881607, 43.073001861572266], "f": [0, 1, 2, 1, 3, 2, 0, 4, 2, 0, 5, 4, 1, 5, 0, 1, 6, 5, 6, 3, 7, 6, 1, 3, 7, 2, 4, 7, 3, 2, 8, 9, 10, 9, 11, 10]}, "centroids": [[1515.6706518754363, 927.2951955720782, 34.807]]}, "mtl": 0}, {"geom": {"triangles": {"v": [923.9683379456401, 660.2419321881607, 30.48699951171875, 918.9683379456401, 657.2419321881607, 30.48699951171875, 926.9683379456401, 652.7419321881607, 30.48699951171875, 937.9683379456401, 661.2419321881607, 30.48699951171875, 932.9683379456401, 668.7419321881607, 30.48699951171875, 922.9683379456401, 661.7419321881607, 30.48699951171875, 924.9683379456401, 649.7419321881607, 30.48699951171875, 926.9683379456401, 651.7419321881607, 30.48699951171875, 937.9683379456401, 661.2419321881607, 39.34199905395508, 932.9683379456401, 668.7419321881607, 39.34199905395508, 922.9683379456401, 661.7419321881607, 39.34199905395508, 923.9683379456401, 660.2419321881607, 39.34199905395508, 918.9683379456401, 657.2419321881607, 39.34199905395508, 924.9683379456401, 649.7419321881607, 39.34199905395508, 926.9683379456401, 651.7419321881607, 39.34199905395508, 926.9683379456401, 652.7419321881607, 39.34199905395508], "f": [0, 1, 2, 0, 2, 3, 4, 0, 3, 5, 0, 4, 1, 6, 2, 2, 6, 7, 4, 8, 3, 4, 9, 8, 5, 9, 4, 5, 10, 9, 11, 10, 5, 11, 5, 0, 1, 11, 0, 1, 12, 11, 12, 6, 13, 12, 1, 6, 13, 7, 14, 13, 6, 7, 7, 2, 15, 7, 15, 14, 8, 15, 2, 8, 2, 3, 11, 12, 15, 11, 15, 8, 9, 11, 8, 10, 11, 9, 12, 13, 15, 15, 13, 14]}, "centroids": [[928.4206577632576, 659.3673615707085, 30.487]]}, "mtl": 0}, {"geom": {"triangles": {"v": [670.9683379456401, 726.2419321881607, 16.795000076293945, 668.9683379456401, 722.7419321881607, 16.795000076293945, 672.9683379456401, 720.7419321881607, 16.795000076293945, 673.9683379456401, 724.2419321881607, 16.795000076293945, 673.9683379456401, 724.2419321881607, 19.18400001525879, 670.9683379456401, 726.2419321881607, 19.18400001525879, 668.9683379456401, 722.7419321881607, 19.18400001525879, 672.9683379456401, 720.7419321881607, 19.18400001525879], "f": [0, 1, 2, 0, 2, 3, 0, 4, 3, 0, 5, 4, 0, 1, 6, 0, 6, 5, 6, 2, 7, 6, 1, 2, 7, 3, 4, 7, 2, 3, 5, 6, 7, 5, 7, 4]}, "centroids": [[671.5553298741579, 723.4887420954183, 16.795]]}, "mtl": 0}, {"geom": {"triangles": {"v": [606.9683379456401, 792.7419321881607, 15.930000305175781, 599.9683379456401, 785.2419321881607, 15.930000305175781, 616.9683379456401, 782.7419321881607, 15.930000305175781, 608.9683379456401, 775.2419321881607, 15.930000305175781, 599.9683379456401, 785.2419321881607, 25.190000534057617, 606.9683379456401, 792.7419321881607, 25.190000534057617, 608.9683379456401, 775.2419321881607, 25.190000534057617, 616.9683379456401, 782.7419321881607, 25.190000534057617], "f": [0, 1, 2, 1, 3, 2, 0, 1, 4, 0, 4, 5, 4, 3, 6, 4, 1, 3, 6, 2, 7, 6, 3, 2, 0, 7, 2, 0, 5, 7, 5, 4, 7, 4, 6, 7]}, "centroids": [[608.1301174461842, 784.0125667229295, 15.93]]}, "mtl": 0}, {"geom": {"triangles": {"v": [1134.96833794564, 566.2419321881607, 34.30699920654297, 1125.96833794564, 555.7419321881607, 34.30699920654297, 1135.96833794564, 549.2419321881607, 34.30699920654297, 1151.96833794564, 562.2419321881607, 34.30699920654297, 1153.96833794564, 564.2419321881607, 34.30699920654297, 1135.96833794564, 580.2419321881607, 34.30699920654297, 1128.96833794564, 571.2419321881607, 34.30699920654297, 1146.96833794564, 539.2419321881607, 34.30699920654297, 1159.96833794564, 554.2419321881607, 34.30699920654297, 1134.96833794564, 547.7419321881607, 34.30699920654297, 1159.96833794564, 554.2419321881607, 42.349998474121094, 1151.96833794564, 562.2419321881607, 42.349998474121094, 1153.96833794564, 564.2419321881607, 42.349998474121094, 1135.96833794564, 580.2419321881607, 42.349998474121094, 1128.96833794564, 571.2419321881607, 42.349998474121094, 1134.96833794564, 566.2419321881607, 42.349998474121094, 1125.96833794564, 555.7419321881607, 42.349998474121094, 1134.96833794564, 547.7419321881607, 42.349998474121094, 1135.96833794564, 549.2419321881607, 42.349998474121094, 1146.96833794564, 539.2419321881607, 42.349998474121094], "f": [0, 1, 2, 0, 2, 3, 4, 0, 3, 4, 5, 0, 6, 0, 5, 3, 2, 7, 8, 3, 7, 1, 9, 2, 3, 10, 8, 3, 11, 10, 11, 4, 12, 11, 3, 4, 5, 12, 4, 5, 13, 12, 6, 13, 5, 6, 14, 13, 15, 14, 6, 15, 6, 0, 1, 15, 0, 1, 16, 15, 16, 9, 17, 16, 1, 9, 18, 17, 9, 18, 9, 2, 18, 7, 19, 18, 2, 7, 19, 8, 10, 19, 7, 8, 15, 16, 18, 15, 18, 11, 12, 15, 11, 12, 13, 15, 14, 15, 13, 11, 18, 19, 10, 11, 19, 16, 17, 18]}, "centroids": [[1142.3253821972758, 558.8530869130045, 34.307]]},